Usernames,Role
rtrshraddha,00
rtrdrishti,01
rtrdwijesh,02
rtrakashc,03
rtrshivam,04
rtrumang,05
rtrprasad,06
rtrsayali,07
rtrpranav,08
rtrakshay,09
rtrakshay,10
rtrvikrant,11
rtrdarpan,12
rtrlokesh,13
rtraniruddha,14
rtrtejal,15
rtrmeet,16
rtrsanskruti,17
rtrmriti,18
rtrbhavna,19
rtrriya,20
rtrkedarm,21
rtraditya,22
rtrvaishnavi,23
rtrpiyush,24
rtrpratyush,24
rtrsattyajeet,25
rtrpooja,25
rtrrhugved,26
rtrrushikesh,26
rtrsiddhesh,27
rtrchirag,27
rtrshashank,27
rtrvijay,28
rtrvandit,29
rtrniharika,29
rtrkabir,29
rtramaraja,30
rtrakashb,30
rtrakshitha,30
rtrharshal,31
rtrrishikesh,32
rtrpurab,33
rtrrochak,34
rtrnishant,35
rtrkarishma,36
rtrpunithjoline,37
rtrkedarb,38
rtrfaizan,39
rtrlalit,40
rtrsanjana,41
rtrprathamesh,42
rtrmadhu,42
rtrsaurabh,42
rtrjamila,43
rtraniket,44
rtrtulna,45
rtrmayuri,46
rtrprem,47